,charLengthW,charLengthVarW,charLengthL,charLengthVarL,coverage1,coverage2,coverage3
0,0.0013368022026965067,6.445778468525062e-05,0.0007644691204897787,3.111183347712245e-05,0.13128796616697982,0.09618223760098116,0.7725297962297085
