,charLengthW,charLengthVarW,charLengthL,charLengthVarL,coverage1,coverage2,coverage3
0,0.0017504269595761412,7.532699168016777e-05,0.0006187804049572603,2.3199822151999298e-05,0.11914648212235998,0.09457516339874839,0.7862783544764619
