,charLengthW,charLengthVarW,charLengthL,charLengthVarL,coverage1,coverage2
0,0.0014112462262775023,0.0,0.0007053707938558355,0.0,0.24869281045784625,0.7513071895400892
1,0.001397669817295346,0.0,0.0007060271767143474,0.0,0.2582199154174348,0.7417800845805101
2,0.0014000414006875629,0.0,0.0006999794041281781,0.0,0.26524029219555884,0.7347597078023861
3,0.0014023228784938073,0.0,0.000704848391844226,0.0,0.251349480969183,0.7486505190287619
4,0.001396524464012467,0.0,0.0007028221563201685,0.0,0.2549788542871179,0.745021145710827
