,charLengthW,charLengthVarW,charLengthL,charLengthVarL,coverage1,coverage2,coverage3
0,0.001464425177934082,2.6162774511713995e-05,0.0006886126106693264,2.495929447244642e-05,0.1253287197232937,0.12576316801241405,0.7489081122621323
